cusip,ticker,company
00138L108,RERE,ATRenew Inc.
00152K101,AKA,a.k.a. Brands Holding Corp.
00152K 20 0,,
00152K 90 0,,
00152K 90 1,,
00152K 95 0,,
00152K 95 1,,
00162Q106,RDOG,ALPS REIT Dividend Dogs ETF
00162Q205,EQL,ALPS Equal Sector Weight ETF
00162Q 34 6,,
00162Q 35 3,,
00162Q 36 1,,
00162Q379,OEUR,ALPS O'Shares Europe Quality Dividend ETF Shares
00162Q 38 7,,
00162Q 39 5,,
00162Q 41 1,,
00162Q 42 9,,
00162Q 44 5,,
00162Q 45 2,,
00162Q460,ACES,ALPS Clean Energy ETF
00162Q478,DTEC,ALPS Disruptive Technologies ETF
00162Q510,RFFC,RiverFront Dynamic US Flex-Cap ETF
00162Q528,RFDA,RiverFront Dynamic US Dividend Advantage ETF
00162Q536,RFCI,RiverFront Dynamic Core Income ETF
00162Q593,SBIO,ALPS Medical Breakthroughs ETF
